SYMBOL,avg -log10(p)
IFNK,12.27832547
MOB3B,14.20481478
SCFD1,9.514483481
C9orf72,12.7273638
UNC13A,7.557403252
G2E3,7.728982742
TNIP1,8.281324881
TBK1,6.039653794
GPX3,7.007282205
BAG6,7.209313809
EFL1,5.460621079
CLCN3,5.378331103
SLC9A8,4.992354825
C12orf56,5.034126304
MEF2C,4.787511688
ACSL5,4.845702121
ATXN3,5.185389139
DHRS11,4.508751881
PRRC2A,6.092481154
GGNBP2,5.459191866
TSPAN31,4.664336752
ZNHIT3,5.464332387
ABHD16A,5.906543293
FSD2,3.868999855
TPP1,5.840553127
PTBP2,3.581177148
ATF6B,5.760500316
RESP18,5.666613188
XPOT,4.362136035
ZDHHC6,4.242828349
WHAMM,3.915377445
TSNAXIP1,5.550336506
ARL13B,5.526440045
EIF4ENIF1,5.452360648
HLA-DQA2,3.569394773
ERGIC1,4.918892915
PROS1,5.312096655
CSNK2B,5.288167473
GAK,3.630312638
MYO19,4.517061901
GFOD2,5.18527308
SLC12A4,5.14778237
NUTF2,5.141005891
FNBP1,4.589092585
RNF114,4.42175434
NR1I3,3.463210497
RANBP10,5.041431339
SFI1,4.980966836
DPEP3,4.979100327
STX19,4.971306772
PIGW,4.514900033
PRKCB,4.917969019
TOMM40L,4.913035426
SPATA2,4.36152288
ANXA6,4.83164986
LY6G6C,4.82666802
WIPI2,3.123872635
CARMIL2,4.77827287
PSKH1,4.761427038
HLA-B,4.731913696
SNAI1,4.071813063
CENPT,4.72776376
ZSWIM8,3.736243651
DCHS1,4.702962091
BCS1L,3.950127667
GPANK1,4.662381028
TMEM175,3.289282185
ATP5PD,4.582129902
ARHGEF25,4.107353031
SLC26A10,3.11954507
EDC4,4.465694613
GALNT3,3.716492815
FGFRL1,3.750655285
FLG,4.440320751
TRIP11,3.896386715
PLCD4,3.821865857
IDUA,3.773014321
MRM1,3.400907172
ZNF142,3.791017956
DLST,4.382685067
DHX33,3.443302774
RNF25,3.778359068
TMEM38B,4.347521581
DEGS1,4.116078187
KIF5A,3.468953235
AP3B2,4.268685273
DPEP2,4.255628773
B4GALNT1,3.596468838
NEK1,3.533808268
BTBD1,3.816987429
PISD,4.217111913
NARS2,3.104764755
KCTD2,4.191539194
DHFR2,4.183149127
USP35,3.007652918
RPS6KL1,4.129461496
FCHO1,4.100086523
SOWAHA,3.178027653
C12orf66,3.579498707
PSMB10,4.076761164
HSPA1L,4.060690457
COG3,3.909871204
ZFYVE28,4.014649882
DOCK3,4.01437596
PTPRN,3.969764704
HLA-DQB2,2.863183557
ZNF184,3.109184131
DENND6B,3.935055574
NLK,2.707146284
ARID1B,2.680748471
NME4,2.879909265
RAB11FIP3,3.890252762
C6orf15,3.856142424
TTLL4,3.699552453
ZSCAN16,2.739429422
COPS7A,3.805818791
PGS1,3.769050156
TECTB,3.792527211
SCNN1B,3.791908155
GAB2,2.648429508
TLNRD1,3.784626847
TRAPPC5,3.77237035
PARD6A,3.768708854
TECR,3.087739401
CNOT9,3.449573175
HRNR,3.72941432
CMKLR1,2.74578624
KCNK2,3.719239574
DRG1,2.531769473
DGKQ,2.824957165
ZNF391,2.706324393
LY6G6F,3.690199554
ZBED2,3.681686183
GDF9,3.105808438
UBAP2,3.654881235
GSE1,3.652787114
VPS13C,3.648977147
MR1,2.637046674
MLF2,3.645833915
ICA1,3.631081198
CRHR1,3.601799493
FAM160B1,2.846539562
FGF11,3.572595045
APOA2,3.570586893
H2BC5,3.564171554
HSD11B2,3.555018888
SOCS3,3.554473634
COA5,3.552919528
LRRC37A,2.448052529
WNT3,2.586214936
TNFSF12-TNFSF13,3.540713083
GBX1,3.516797963
SOD1,3.516541085
CYP27A1,3.382129373
ARL17B,2.418496729
OS9,2.765162684
PIP4K2C,2.487635603
JADE2,2.815438092
SAR1B,3.404146974
NFE2L2,2.756259277
UNC50,3.474955193
SKOR1,2.536395586
INPP4A,3.453778241
ZKSCAN8,2.58631371
HSPA1A,3.446663218
PDZD7,3.444845069
KIAA0930,3.437528695
PCP4L1,3.435156467
OR10G9,3.434589056
OR10G4,3.433703956
RHOT2,3.431469745
ATP13A2,2.391854839
USP37,3.28769732
AGPAT1,3.417868429
HLA-DQB1,3.417618423
PLEKHM1,2.525140399
DLGAP4,3.409693285
STH,3.406713933
SHBG,3.40471326
KANSL1,2.424318157
SAXO2,3.279269574
CELF2,2.3938883
ILK,3.399168627
PARVA,3.39780974
RHBDL1,3.387788518
CSPG5,2.477333276
SHROOM1,2.963287731
WDR90,3.366632555
OR10G7,3.363421844
OR10G8,3.361061705
AIF1,2.384657005
ARHGAP27,2.364049473
RNF133,3.356389427
INHBE,3.355207029
TMCO6,3.353723738
MSI2,3.35248989
PLXNB2,3.350042385
AXIN1,3.349643901
EPDR1,3.086397687
EXOC4,2.462862988
STUB1,3.339428576
MYH10,2.386916119
DYNLL2,3.332341623
JMJD8,3.331045958
EIF4A1,3.330125498
ENAM,3.324148366
SLC46A1,3.316826836
NSF,2.355190028
SMARCC1,2.542218975
NDST2,3.155639994
PHYHIPL,2.422833634
NFKBIL1,3.297311032
CABP4,3.292157411
C16orf86,3.288395208
MFAP2,3.285770861
MAPT,3.283095596
CRTAM,3.278074028
NKX2-5,3.273166878
ATP6V0D1,3.271703045
AGAP2,2.490000368
CPEB1,3.260016497
MESD,3.246761756
CD247,3.245949962
CLN3,3.235936006
DHX30,2.51975224
CAMLG,3.234242063
TNFSF12,3.234204826
RAB18,3.231043878
ZDHHC1,3.230283053
ATXN2,2.306925205
CD68,3.227920451
SPPL2C,3.220908796
MED26,3.220367439
POLR2J2,3.211153132
PPT2,3.210158507
RNF148,2.398595343
MICA,3.204217276
NDUFS4,2.737756763
FBXO28,2.652746694
GPR152,3.196392683
SIRT5,2.410732839
DAOA,2.694265152
MCRIP2,3.187802148
CAST,3.186385657
CTU1,3.184993718
BLVRA,3.177354721
MIS12,2.813145826
CISH,3.172863447
DTX3,2.643092677
WDR24,3.154263396
TSSK1B,3.150820221
HEMK1,3.147666422
STK36,2.884107486
ACADS,3.140861703
COA1,3.136005396
AIP,3.129660483
USP3,2.241496856
SEC24C,2.705221117
IGFBP5,2.518498164
PROX2,3.112872401
KIT,2.240208593
HLF,3.102603861
CAMK2G,2.549950541
CENPA,2.300940299
GNS,2.558831811
GLYATL1,3.095327724
AGRP,3.088650598
GBX2,3.088405652
NAGPA,3.082841224
PPID,2.341871313
NSUN3,3.075741395
KCNH4,2.512956362
PCDHAC1,2.317645809
LMAN2,3.0709849
ZNF165,2.471715154
STK17A,3.067495795
HOXB4,3.054428024
SH3BP2,3.049051286
ARL11,3.045453591
SIGLEC9,2.260263942
MCEMP1,3.004891542
WDR64,3.004399901
FDFT1,3.001923836
METTL21C,2.999609311
EGF,2.999609311
DERL2,2.984924283
PPP6R2,2.539976917
TMEM170B,2.336854339
TMEM134,2.989784875
WNT7A,2.989191402
ASCC1,2.983635321
NOL8,2.982465841
OGN,2.981133137
SATB1,2.705063682
SPDYE2B,2.975801768
PDLIM2,2.218050586
FADS6,2.971062923
ANKS1A,2.964370172
DSCAML1,2.960427263
NDUFV1,2.957897232
UNC119B,2.957542625
CELF4,2.95710961
SPINDOC,2.955146783
VARS1,2.955029295
VWA7,2.948693089
AGAP5,2.327414714
IGFBP2,2.226054896
CD96,2.420971595
MRPL57,2.327083826
TAF11,2.937042166
SPNS1,2.92929734
LRRC36,2.926611619
NMUR2,2.926428272
APOBR,2.918544672
RPS6KC1,2.918328713
HPF1,2.28070724
C3orf18,2.913675769
SBF1,2.508354695
FLG2,2.910200827
MAPKAPK3,2.907981529
TRPS1,2.108642154
MPDU1,2.898321649
GSPT1,2.891637965
MPIG6B,2.882562975
ABTB2,2.88097518
STAT6,2.877882464
PTCHD3,2.266810141
DNAJC5,2.107832017
GET3,2.861665718
OMD,2.860057977
NUDT12,2.851304821
OSTN,2.848967418
SOD3,2.848507572
SDHA,2.4681606
MAP4,2.172791671
CLMP,2.846368035
CDK4,2.844937381
GRAMD2A,2.484495654
SH2B1,2.8413963
PARP6,2.517652372
APOM,2.83875182
SLC39A7,2.83818296
PELI2,2.836570257
IPPK,2.83496352
IARS1,2.833510682
MRPS33,2.829650261
PRSS1,2.827309518
SLCO1A2,2.824459196
WDR83,2.821915567
FBF1,2.350677406
MATK,2.811549644
BLOC1S5,2.806819726
PRSS3,2.806096597
MLEC,2.803188457
NME8,2.802609159
HARS2,2.79988854
CANX,2.79925891
FCF1,2.795880017
IRS2,2.389181224
ANGEL2,2.794416741
UBE2R2,2.793605936
BNC1,2.324351966
WDR83OS,2.788105577
PGAP6,2.478684088
BNIP1,2.676679617
TSNARE1,2.777934157
PDCD6,2.35657086
METTL23,2.776166723
ATXN2L,2.773039406
MAD2L1BP,2.769040444
GNL1,2.761176378
C2CD4A,2.759750368
C12orf40,2.338083186
TTC25,2.583706574
VIL1,2.708832155
SLC26A1,2.663010818
MAML1,2.754142008
PCDHA2,2.066246681
ACSM4,2.753009301
PCDHA1,2.067196067
AP5S1,2.748994827
SH2B3,2.219209316
DYSF,2.740024072
SLC17A8,2.146952765
TFCP2,2.343553597
CENPP,2.732499741
ANAPC16,2.730230291
DDAH2,2.729507496
PKM,2.511232469
KIAA0513,2.719945466
YLPM1,2.719672081
PPP2R2D,2.574440715
SCYL2,2.669203894
SRGAP1,2.067027168
NEIL2,2.716653535
SENP8,2.298150398
GATA4,2.709408957
TUFM,2.708986546
POLR1C,2.080340889
FAM110B,2.203939947
MCC,2.166203896
PCDHA13,2.176251985
FCSK,2.698601011
CKB,2.613041418
TAF10,2.69011444
VAMP2,2.205350031
TPPP3,2.686892405
RORA,2.684470467
LOXL2,2.680831457
DEPDC4,2.637409789
EIF3K,2.075091545
HSPA1B,2.673807562
DECR2,2.08950653
FSTL4,2.670968425
MSH5,2.670764884
ICAM3,2.667824216
POU3F3,2.667238464
PSMB8,2.662540739
RNF185,2.656709598
CHCHD7,2.652338291
CLIC1,2.651578302
RMI1,2.229377938
GTPBP2,2.065854507
C8orf58,1.983450529
RAB3GAP2,2.644261216
CAPN15,2.643362353
ZFP91,2.341254267
ANKRD52,2.13091241
IK,2.634755438
ERI3,2.632830511
PCDHA12,2.111314566
P4HA3,2.631954974
CLDN7,2.63126696
SULT1A1,2.629061521
IL23A,2.137453835
STAT2,2.060211421
NKX6-3,2.625434939
SLC39A5,2.17682655
ELMOD1,2.620767022
SMIM19,2.619011344
TCP11,2.617496676
PCDHA3,1.997527198
LIMK2,2.610993482
XPO5,1.998307733
CD200R1L,2.609135516
PRM3,2.056533724
TAS2R60,2.607144831
ATF6,2.603086138
PAN2,2.105408696
EMG1,2.596673538
SFRP4,2.231615545
C1GALT1C1L,2.595183382
WDR33,2.595097896
MYO9A,2.205743777
INHBC,1.987682758
TNP2,2.562758826
EML4,2.050737932
GRP,2.047180462
PCDHA4,1.978418029
CNPY2,2.038474078
BCAR3,2.326621468
BCL7A,2.57569018
FBXO9,2.574384275
KCTD19,2.571541226
ACD,2.571136592
NVL,2.3018367
RPS14,2.568298583
FOXN2,2.567030709
HARS1,2.56618218
DMXL2,2.566166186
MARK3,2.560007941
KHDRBS3,2.563773725
LCAT,2.559138126
MTAP,1.932390314
GPR141,2.555361969
APOF,2.555034477
COQ10A,2.05182004
METTL11B,2.009488728
GLP2R,2.547155973
DEF6,2.543892191
CCDC172,2.541316836
PCDHA6,2.017356977
PLCXD2,2.541271525
CS,2.094875034
C15orf40,2.524196854
SKA3,2.113315734
CREBRF,2.327445656
NPFFR2,2.525958655
PCDHA8,2.015503371
PATZ1,2.52523029
YOD1,2.402193256
TRMT61A,2.506961904
LRIT3,2.518686389
PCDHA11,2.045427121
USP10,2.057112874
ZDHHC7,2.511392885
CNP,2.425762515
PCDHA9,2.004147255
ZSCAN9,1.993834941
SCAF4,2.501896302
PANK2,2.498817454
SARM1,2.498365713
CTNNBL1,2.32756876
CSRNP2,2.235476849
SLC2A13,2.217742839
PRM2,1.988838945
AFF4,2.429878927
INSIG2,2.486462792
UPK3BL1,2.486063612
PRM1,2.305582255
NA,1.748501152
WDR18,2.477751439
WDR55,2.476721887
CFAP53,2.476214526
NOX3,2.472692396
NFASC,2.199519867
DAB1,2.469070685
MMEL1,2.466660164
PCDHA7,1.981487815
NEUROG2,2.461237811
GPR18,2.461175011
RPSA,2.460635304
AGER,2.457523144
PDZD2,2.455473087
TIE1,2.455262418
KRT73,2.450910869
LRRC73,2.082856704
OR8H2,2.449270357
FBXL16,2.449135963
ATP10B,2.447562983
DMAP1,2.446651071
BTN3A2,1.94202435
PEX2,2.445522954
SFT2D3,2.444409844
RAPGEF5,2.442733471
NCOA6,1.901388553
VASH2,2.440955641
FCER1G,2.438564672
FUT11,2.029080586
SMIM7,2.435570673
PCDHA5,1.931437532
ADCK2,1.978396726
MED8,2.43169265
CFAP161,2.353854541
NDEL1,2.426061392
DIP2A,2.425864514
SLC29A2,2.425748745
LSM2,2.423543468
SERPING1,2.42091412
POLH,1.911634919
OR6T1,2.419177626
MED24,2.417493474
CNBP,2.416076118
ATG4B,2.415962929
DNAJC11,2.412491079
RASGEF1C,2.411795544
FAM71C,2.411773126
FNIP2,2.411593823
METTL26,2.409670975
MAP2K5,2.129066919
IL1B,2.408378962
GRB10,2.406769331
PCDHA10,1.958684125
SUN3,2.398461475
TJAP1,2.094700607
ATP2A1,2.396682377
LY6G5C,2.395730736
PLA2G3,1.895282753
C7orf77,1.880419106
ERICH6B,1.999099072
UQCRQ,2.019560555
QSOX1,2.393070738
PLOD1,2.392159109
OR5B12,2.388255456
ATF1,1.856930049
ZNF76,2.387184367
HAT1,2.019140942
RAB3GAP1,2.38101108
KIAA0825,2.379582838
TKTL2,2.02994799
KCNN4,2.37804518
BRAF,2.37647161
LETMD1,2.080880525
ERICH1,2.188723483
USP20,2.055488812
CHCHD1,2.374646386
B4GAT1,2.372736583
SLC35F6,1.999264892
SLC25A30,2.36747185
GIPC1,2.180460484
MUC22,2.364918564
SGF29,2.363512104
CLK1,2.362890695
PFKFB2,2.184873816
TNPO2,2.361620579
IL27,2.359608015
GRM3,2.357743279
KPNA3,2.355866804
SDCCAG8,2.319849123
PROM2,1.897468183
PTMS,2.349294313
SPAG5,2.348537838
NABP2,2.347096428
SDHB,1.935956534
LIMS2,2.345448066
ETFDH,2.133226445
MBD1,2.344362222
SREK1,2.342571235
WFIKKN1,2.243376113
MUC16,2.341940881
PLOD2,2.202349633
OR8I2,2.340635333
TRHDE,2.340159832
MCM3,2.340017283
NUP50,2.113296753
BTN1A1,1.828072964
KIF24,2.213279873
SHE,2.336336759
SLC4A9,2.336120118
NFATC2IP,2.3334633
TNFAIP1,2.332154958
ALDH4A1,2.330060488
USP42,2.327985313
TCOF1,2.061812997
SERPINB6,2.063749993
MEX3B,2.325120496
ATP10D,1.972461207
AGR3,2.319138937
THOP1,2.087720668
PSMC4,2.318252381
ABCC6,2.317963285
SFTPB,2.317945223
HSD3B2,2.317872982
ATP8A2,2.317088137
PPIL3,2.316331698
LEAP2,2.315693354
PSAPL1,2.056505232
EFHD1,2.311286595
TBC1D5,1.806944239
DUSP12,2.308485314
PIGU,2.306739245
ACTR6,1.892732841
CCDC50,1.970917327
GRHPR,2.299789686
CDC16,2.298760234
MRPL38,2.280483279
GDI2,2.298457918
BIN3,2.297940151
SLC35E1,2.296725822
CCDC182,2.294563953
PTPRB,2.294504055
PRXL2B,2.293700502
UHRF1BP1L,2.223813486
HNF4A,2.293265153
GSK3B,2.293137193
EDEM2,2.292855812
CDC14B,2.292514988
NDUFC2-KCTD14,1.902600334
PSMD11,2.084236039
TPP2,2.280345599
GRIN3B,2.280179992
NPEPPS,1.902349599
FBXW9,2.276486864
CCAR2,2.27448856
LOC101927751,2.27433334
SLC17A1,2.272857436
DNAJB1,2.182979856
CSRNP3,2.27150824
ZMAT2,2.271451438
HTR4,2.264816433
ALG8,1.841854435
EVL,1.95103096
EFHB,2.26322913
PPFIA4,2.262664207
OR8K3,2.262417781
FAM117B,1.966229777
METTL16,2.261409685
RSL1D1,2.260396014
CYP21A2,2.260142966
MARK2,2.259937472
PSTPIP2,2.259392595
FOXI3,2.241032246
OR5T2,2.258021586
SLC44A4,2.255863548
DNAJB2,2.254917397
PTBP3,1.860968333
LAMC1,2.25352149
AQP10,2.250727592
IFIT2,2.250673444
SCUBE3,2.249530177
UBAC2,2.249175449
ANK3,2.247083831
RNF130,2.246401622
WASL,2.245957613
THBS2,2.244872469
PIN1,2.242687497
PLEKHH2,1.791257465
ASPN,2.240778008
BAIAP2,2.240211325
MAPK8,1.891714422
LPO,2.239087704
DDX39B,2.23895969
OR4D5,2.238395373
GPR55,2.167198601
AXL,2.232710525
TSPOAP1,1.835263183
KCNG3,2.230770418
OR5J2,2.225563331
SORCS1,2.224965109
LOC728392,2.218856648
ZNF2,2.224062043
THAP3,2.222885054
TNNT1,2.222428195
OR5T3,2.219776327
SPATA19,2.218876786
HOXA6,1.795074817
GBA,2.21292227
PLA2G12A,2.21192359
ZBTB42,2.211888218
OR8H3,2.210334693
MIR205HG,2.209398205
OR8J3,2.209264586
SULT1A2,2.207853546
SLC16A10,2.207734414
GGT7,1.932770485
THRSP,2.204537106
SCAMP3,2.202968026
EIF2AK3,1.861959692
EPPK1,2.200666344
MFN2,2.199860533
TSHR,2.198994404
PLA2G15,2.19873353
CHRFAM7A,2.198692353
GCC2,2.198411085
KCNIP3,1.9507234
RDH10,2.19606515
SOX11,2.194560314
SENP3,2.19426133
SCRN1,2.194098335
SLC25A38,2.193996494
OR5AS1,2.193758958
OR8K5,2.192464972
RGS14,2.192417622
BRMS1,2.192363513
PRKAG3,2.189969214
WWC2,2.189754037
ACTC1,2.189015178
CD19,2.185559279
GALNT14,1.78771461
PIP5KL1,2.184947175
GPR151,2.184415611
C1orf162,2.183188855
MRPL58,2.182071218
LOC100506422,2.178132892
ODF2L,2.177701129
GOLT1B,2.176310633
OR10W1,2.173990022
OR8H1,2.173711344
WIZ,2.17364656
CTC1,2.171430322
GABRR1,2.168379745
SLC25A12,2.168264564
PSMD9,2.167970353
RBPMS,2.167727459
ENKD1,2.166597871
LOC728715,2.165502999
NDUFC2,2.028973848
PRR14L,2.162916849
DPM2,2.157983952
MROH9,2.157103821
PCDH10,2.155827372
OR10Q1,1.965457654
RANGRF,2.154684867
TRAF3IP2,2.153675261
HACD2,2.029839296
BBX,2.152026544
C9orf139,2.148968033
OR5T1,2.148949673
BNIP3,1.977393175
IL12RB2,2.144214413
FAM102A,2.142432324
ZNF780B,2.141950304
TSEN15,2.140441427
KCTD14,1.751478975
CRB2,1.825391851
KSR1,2.138620935
SLC10A7,1.847447219
CNTN1,2.133618131
FZD8,2.133381896
PKIB,1.939115282
NIM1K,2.132768285
CLK2,2.13258555
VRK1,1.927869813
PIP5K1B,1.747031963
PARVG,2.129075488
C10orf55,2.127069101
ANKRD29,2.126627077
POLR1A,2.125825602
PLAU,2.125153041
HMX1,2.124996646
EHMT2,2.124765054
UNC93A,2.122524989
EBPL,2.119260701
SOCS1,2.118832259
TM6SF1,2.025541772
RAB3D,1.711912519
CCDC127,2.021817209
SEC23B,2.11598673
RABEP2,2.115442516
ZFC3H1,2.114118843
LPXN,1.936192169
C9orf163,2.112180226
ADD1,2.112073403
MAP1LC3A,2.111388112
CAPN12,2.00807239
SMN2,2.108072466
HIBADH,2.106437959
LST1,2.102526863
AREL1,2.102345423
EPHB2,2.102125596
OR2B2,2.101719211
OR51F2,2.100546122
HEATR1,2.098427262
FAM228A,2.09727932
FBXL22,2.00236364
ZNF554,2.09530068
EPHX2,2.094522539
MACROD2,2.094484748
C9orf64,1.844449126
IL5,2.093912889
FYN,2.093573367
ADAM11,2.093164138
KCTD17,2.091740229
C1orf21,2.089460969
PLEKHG4,2.089034269
MYO3A,2.087942762
GSS,2.087857687
IL36G,2.087825788
IQCA1L,2.08757068
GLB1L2,2.083603961
TMEM205,1.784333423
C2orf91,1.931415885
RAB21,2.081864774
RCOR2,2.081267388
PDCD2L,1.930025153
DTWD2,2.079011036
ADGRE3,2.078912067
TMEM199,2.07810033
SLC25A35,1.928660968
ZRANB3,2.076916669
CBLN3,2.076652344
PEA15,2.076020688
PHC2,2.075126551
GPIHBP1,2.074404317
SLC2A1,1.833257622
ANKRD40,2.073739892
MCM3AP,2.071793681
LAMA3,2.071773187
HBZ,1.922046153
DEPDC1B,1.929939984
EGFL8,2.070805944
PPP4R3B,2.06650765
GNB1,2.066441854
ELOA,2.066391248
PITHD1,2.065244078
PPL,2.06469431
STK32C,2.064603589
MTX1,2.062241457
KLC1,1.713233145
METTL15,2.060945242
PPP1R9B,2.060605563
RBBP9,2.059533322
PSMB9,2.058806703
NUDT21,2.057530599
RIMS2,2.056965744
HOMER1,1.962524882
ADM2,2.055571618
CREB3L2,2.055236115
ERI1,2.054826954
SELENOT,2.054413256
HS3ST5,2.054221315
C16orf95,2.052875198
NT5C2,2.051332792
HOMER2,1.814365765
ZKSCAN4,1.85989774
OR10AG1,2.047473928
OR5F1,2.046863937
FXR2,2.046394923
SNX29,2.046365929
SLC38A6,2.043605834
ASB10,2.04331783
ATP1B2,2.042253876
CAVIN1,1.992444905
CTSB,2.038303703
CYHR1,2.036920839
KRTCAP2,2.036297152
CEP68,2.036282987
NBPF6,2.035353874
OXR1,2.035245528
ECT2L,2.03308427
DBF4B,2.03186743
FKBP10,1.973420558
WDPCP,2.03077052
ZNF682,2.029620576
CNPY4,2.029304526
DENND5A,2.028858729
FAM189B,2.028571062
UPF3A,2.02813065
PKLR,2.028075051
NUDT2,1.926746683
PIK3IP1,2.025051009
CASQ1,2.024917606
TTC29,2.024600363
GPR161,2.023828912
ACTBL2,2.021965642
ILF2,2.021039276
SPRR4,2.020847861
PLEC,2.02047894
ATP6V1G2,2.019632974
TH,2.018752374
OGFOD1,2.017982179
SLC2A10,2.016734647
ARL15,2.013904859
HDGFL3,1.846431918
GPR180,2.013080541
SELENOK,2.013062639
LTBR,2.011699735
SOX15,2.010296621
CYP4X1,2.009838807
RNF166,2.009204
CA2,2.008605557
CBLN1,2.008468253
FBXW8,2.007128499
FRRS1,2.006753401
NETO2,2.006057021
DGKZ,2.005652047
CASP10,2.005146361
HM13,2.00327386
PITPNM1,2.002604877
OR5I1,2.001967461
C22orf24,2.001383257
NUDT15,2.000882514
AOC2,2.000269346
C16orf97,1.999175623
C11orf42,1.998785675
ZNF558,1.998482623
DENND1A,1.997229372
OR51S1,1.996281036
CABP1,1.996108834
SFMBT2,1.996108834
OR2D2,1.996108834
P3H4,1.831094638
SLC2A3,1.992465582
OMG,1.992380225
PANX2,1.666028016
TMEM106B,1.990421639
OR5W2,1.990336683
ELP5,1.649530282
RIN1,1.989912153
TNK2,1.988937305
SCN1A,1.98771126
PDE8B,1.987373649
NOD2,1.986194073
MRPL36,1.984137492
ERAP1,1.982299029
MDH1,1.981382707
CDK5R1,1.838549956
RAX2,1.669800247
CD44,1.980053318
TRIB3,1.979100327
HMGN4,1.97798426
ZNF462,1.976624062
NHSL1,1.976048293
TEX37,1.828579391
SCN8A,1.97526811
SLC7A6,1.974202759
TRIM72,1.973711938
INO80D,1.697396777
TRPM6,1.92808774
FUT7,1.972161322
MAL,1.971713491
ATP8B2,1.971510083
ANGPTL4,1.715938169
MAP1S,1.970900433
ACE,1.970778606
MRPL48,1.665356688
GFRA1,1.970129436
TAP2,1.969359805
NKIRAS2,1.968308831
RBMS3,1.967945625
RANBP17,1.966013635
TRIM51,1.965451753
MRPS5,1.965371543
DNAJC7,1.739362008
CACFD1,1.964570262
RNASE9,1.963610671
SLCO1B1,1.96197626
OR8K1,1.96189669
ANP32E,1.680686427
SEC22C,1.959674621
HCN3,1.958962792
ECM2,1.958844267
R3HDM2,1.958725775
PSMA2,1.958488887
OR51G1,1.956323414
SPRR2E,1.956166346
ARL5B,1.955813149
KCTD16,1.955068454
HLA-DOB,1.954442331
CDH12,1.953192786
SKAP2,1.675428726
GOLGA7,1.950743203
SELP,1.950704432
GINS4,1.948924692
INPP5K,1.948384477
BBS2,1.948345916
LIMS1,1.947536923
CFI,1.744351371
PARVB,1.946422213
ZGRF1,1.94611521
TEX264,1.945004138
CTNND1,1.942676295
CDS1,1.887337348
UGT2A1,1.942067773
VRK2,1.941536014
MSC,1.9360875
ADI1,1.938924676
RBM17,1.938585222
SORBS3,1.936891917
RDH8,1.936704179
CLCNKB,1.936366455
GPI,1.733358554
AAGAB,1.739157162
RAMAC,1.779303615
METRN,1.935280016
PLAUR,1.934719129
CACNG5,1.934607038
HABP4,1.93404702
NCLN,1.661081938
TNFRSF14,1.933636798
ZNF514,1.933599524
LRRIQ1,1.933189724
GRINA,1.655367321
ST6GALNAC4,1.932631529
YIPF3,1.759235003
LSM3,1.931443105
VPS35L,1.93129478
ABCC3,1.931109446
BANK1,1.929334247
MYL4,1.929112856
UBAP1,1.691136909
INPP5J,1.670379239
PUS1,1.925988554
LOC100652758,1.925073903
FPR2,1.924854673
TNXB,1.924307082
ACSM5,1.924124705
DDX52,1.92226882
NCR3,1.92223251
LGALS2,1.921506932
LY6G5B,1.920854947
FBLIM1,1.920131665
SLC2A6,1.919085041
PHF13,1.919048996
MBD3L1,1.776881943
OCA2,1.91771741
MNAT1,1.917358222
LINGO2,1.917250523
HPD,1.91721463
CNOT1,1.915459468
SNAI3,1.626434144
EXTL2,1.914780799
MFSD3,1.914745109
TMEM41B,1.914245756
SGK1,1.913925046
MFSD4B,1.912857721
PDIA6,1.912112151
PHF23,1.911899365
DHDDS,1.911793012
ANKRD65,1.911757566
PAX3,1.630124656
TMEM252,1.910306791
TRIM65,1.909953678
TP73,1.909812512
CYSRT1,1.909741947
PCNX2,1.909671393
ACTN4,1.814144463
SLC30A8,1.907033862
AP4M1,1.906123245
RANBP2,1.905424066
RAB5C,1.903889825
TMEM212,1.623448044
GPR39,1.902916304
ADGRB3,1.697848045
PCSK1,1.885346825
HOGA1,1.901667832
RAB34,1.900872072
GDAP1,1.900768385
GPR150,1.900561084
TMEM107,1.821221356
BAMBI,1.898940645
PCARE,1.89766922
MS4A10,1.897394806
ELOVL7,1.895308081
PUM1,1.89231528
SQSTM1,1.891807195
ALDH1A3,1.889275646
UBE2Q1,1.671423466
MIOX,1.887227479
ITSN2,1.886926106
TMEM87A,1.885022255
IGF2BP1,1.884955605
IL23R,1.883292659
AKAP8L,1.882828172
SPRR2B,1.881801432
CFAP251,1.8815038
RAB22A,1.880678114
DHPS,1.879952806
MRPL54,1.879788132
SPPL3,1.877423725
OPTN,1.619172239
OR5M9,1.877161806
IRAG1,1.876213671
SNCG,1.87422605
LCT,1.871568419
TOX2,1.8713423
DHX29,1.868830617
FBXL5,1.611865054
SOCS7,1.868605918
SLIT2,1.868285122
FAM13A,1.868124812
SMTN,1.867836404
STOML2,1.867068251
RIIAD1,1.866844462
GMPS,1.594532008
ZNF415,1.864517509
TRAPPC9,1.863628277
CHAT,1.862994224
RNF216,1.862677544
PLIN2,1.862456005
SDC3,1.862076488
RHBDF1,1.861602557
LYPLA2,1.860876866
MTIF2,1.8607823
PLAGL1,1.738815536
CYP27B1,1.860215336
IAH1,1.858895291
OR52R1,1.634418082
HSD3B1,1.858738409
C9orf85,1.857923539
PDP2,1.85779831
ATPSCKMT,1.857704412
PPP1R13L,1.85754796
RCOR1,1.857516676
NDUFB1,1.854617108
C6orf132,1.853499871
GEMIN6,1.85309713
TPT1,1.852942329
SLC6A19,1.852632892
C9orf78,1.852323676
PRR3,1.851520742
BPNT1,1.851459039
ACLY,1.834576967
GTF2E1,1.85133566
GTF3C6,1.850349887
PRMT8,1.838238909
REV3L,1.849304949
KLHL10,1.806515191
IL31,1.847987
XPR1,1.777232098
ZNF385C,1.845819568
TMEM102,1.845332622
ARMC3,1.844906992
KMT2C,1.844663963
SIM2,1.844542499
TCN2,1.843420564
ADORA1,1.57244221
MCM6,1.841366159
BNIPL,1.840703573
FAM228B,1.83989178
LPCAT3,1.839321426
KCNQ3,1.838811743
SLC35E2A,1.838123123
GPR183,1.837824063
C17orf98,1.835082334
SCG2,1.834755674
FAM214B,1.833599491
OR8J1,1.832682665
CCDC91,1.832564506
RNMT,1.832564506
GAR1,1.832505438
KBTBD6,1.831944697
LRRC27,1.831856225
STAC3,1.831856225
SLC7A6OS,1.830531302
DCAF12,1.83047251
TGDS,1.830208046
SGTA,1.782394638
OR2V2,1.829005298
DCAF4,1.828976004
UGT2A2,1.828829565
LCN1,1.828185819
SPRR1A,1.827426256
DEFB136,1.827280339
PRAG1,1.614312406
RANBP9,1.666797033
AKAP8,1.82716364
TUBB3,1.826813732
MSH6,1.826638883
PARP10,1.569836813
HOXB5,1.826405861
CCDC177,1.825736619
MRPL32,1.824923279
ITGA3,1.824633169
ACAA1,1.82440122
TOPAZ1,1.82440122
OR14A16,1.823908741
FMO1,1.823792945
MGMT,1.823358983
TCAIM,1.655209435
NPR1,1.76867116
C4orf45,1.821973212
CUX2,1.562690636
CCNH,1.820132369
MAB21L3,1.818671013
ASIC2,1.818671013
THAP11,1.817585348
DIP2B,1.817328613
CNNM2,1.816189405
FZD5,1.814089715
GALE,1.636407579
MRNIP,1.812930729
MTTP,1.81276138
TNFRSF21,1.812507481
ZDHHC5,1.811634074
RXRA,1.810678159
CFAP410,1.810285158
NFATC3,1.80997662
CHERP,1.80759983
CHRNB1,1.8074883
CACNA2D2,1.806708397
TWF2,1.805763251
ACTB,1.804100348
THEMIS,1.802967681
PRRT1,1.801837961
RPL29,1.801535365
IL17RB,1.800958266
STK25,1.626840438
CHAC2,1.800464219
FCER2,1.800217406
GAD2,1.799368345
CTU2,1.799012781
TNF,1.799012781
NT5C3B,1.748264243
TRAPPC11,1.796504765
S100A12,1.796423225
NLRC5,1.795907162
P2RX3,1.795635795
SETD1B,1.795500176
NELFE,1.795283273
ABCF1,1.793767976
RSPH9,1.793416965
DEPDC5,1.7932011
ADAM17,1.793066238
COL9A3,1.793012305
SH3BGRL3,1.791800583
TFCP2L1,1.790726327
HNRNPK,1.633115504
TENT5B,1.789922376
PALMD,1.78968148
CEP55,1.789440718
ACAD10,1.789146635
ESRP2,1.789093186
OR4A16,1.788986309
CLDN14,1.788799338
GABRP,1.787625929
ITFG1,1.787412922
PTGR2,1.787253235
RTL6,1.591996279
PLPP1,1.786987221
NPAS4,1.786216701
SNRNP25,1.785633078
OSBPL3,1.679590003
FAM210A,1.784177445
C5orf47,1.784045356
ZNF852,1.707361928
SIGLEC6,1.781490753
DNTTIP2,1.780913443
MRPS24,1.78088722
RSPO3,1.780703702
PDK2,1.780363089
TAF5L,1.662970279
UBL5,1.77866402
CHCHD3,1.77785603
NOTCH3,1.777127523
FARP2,1.776867638
IARS2,1.776763727
KLHL26,1.776659841
C1orf229,1.776322384
KLK3,1.775933336
CILK1,1.775881489
COA8,1.775881489
CREB3,1.775415146
KCNT1,1.775182163
ZNF362,1.775156283
STX6,1.773683703
FAM174B,1.773632124
PTGER1,1.77342587
GID4,1.773039406
CIT,1.772987904
POT1,1.746480626
RIOX2,1.77270475
MRPL20,1.77162531
WDR26,1.757405692
SAMD14,1.77139435
MOG,1.771214799
DES,1.770932798
PTGER3,1.770369344
ATP5PB,1.770266977
ZNF551,1.768938389
ZNF546,1.768759851
CGRRF1,1.767868259
SEMA6A,1.76769016
OR8A1,1.767461282
KIF20B,1.767385017
PPT1,1.767308765
AIRE,1.7671563
TNRC6B,1.764488587
KRT84,1.766090547
H3C4,1.765837181
SLC35E4,1.765229705
YIPF4,1.765204412
OTULIN,1.764951562
HDAC5,1.764244365
POLR3K,1.763261256
CFLAR,1.762657371
DLX6,1.76250653
DRG2,1.761427038
B3GNTL1,1.761376895
GTF2E2,1.760975953
OR5M10,1.760550359
CCKBR,1.760400248
OR8B12,1.758602958
MYBPH,1.758453519
KPNB1,1.57415957
TFDP2,1.757433727
ALX1,1.757384042
RNF141,1.756837885
CD163,1.756341973
KRT83,1.756267635
C15orf61,1.755920893
ACY1,1.755524955
CD2BP2,1.755154091
TPD52L2,1.754339302
MSRA,1.754191323
OXCT1,1.753796958
PHETA1,1.753575285
PNPT1,1.753501419
SERBP1,1.752272167
C8orf87,1.750214824
SGIP1,1.749994972
UBE2L3,1.749409241
MX2,1.749043561
TIMM21,1.748799945
ABHD17B,1.748799945
PTPA,1.748799945
NAB2,1.748556465
CYLD,1.747996979
OGFR,1.53874614
TCF4,1.747365384
VPS25,1.746977166
SPRR2A,1.746613527
MEGF10,1.745669487
CRNN,1.745645308
TBC1D15,1.601197207
TJP2,1.55387263
FRMD4A,1.744221113
CD1D,1.744197015
WDR77,1.741985637
CHST13,1.740692879
SNRPD1,1.740406121
HECW1,1.739499302
WDR61,1.738951357
ZNF106,1.738285224
MYO15A,1.738047567
MYO1D,1.738047567
STX17,1.548648942
LTBP3,1.73781004
GOSR2,1.736056366
TGM2,1.735701753
DUS2,1.735441887
ZNF197,1.721005758
HOXA4,1.734946211
CYP4Z1,1.733392046
ACSS2,1.733180545
ZNF488,1.732781323
DHODH,1.731937122
EPHX3,1.674841167
KLHL11,1.707240134
FNTA,1.592938403
RFC2,1.730417014
OR11H6,1.730370326
PGBD1,1.729857085
CYP2S1,1.729065087
CRYBG3,1.72873939
BRAP,1.728553386
CNIH4,1.556514453
TSFM,1.727346303
IRX4,1.727137724
MRAP2,1.726859776
SPATC1,1.725726662
NLGN2,1.725057434
ZNRD2,1.725011318
FAM171A1,1.724849952
MIIP,1.724849952
URB2,1.608973602
KIF18A,1.72432017
SRSF12,1.723699075
OR2M5,1.723676089
NUBPL,1.722138762
PFAS,1.669281379
NR2E3,1.721566523
IER5,1.721292117
CDC27,1.720378678
SPRR3,1.720150618
OR5M3,1.720059427
PRDM2,1.719945466
ANXA1,1.719877104
IPO11,1.71942163
SMOC1,1.719080337
OR10S1,1.718875691
PLA2G4F,1.718307733
STAG3,1.718239628
FLNB,1.717672501
SREBF1,1.717309928
MTRR,1.71631441
RAB40C,1.579081426
RIMS4,1.620708173
WNT9B,1.715230987
CXXC1,1.714465194
DNAH9,1.714285203
LAT,1.714240217
EIPR1,1.714082803
SEMA3D,1.713453716
OR4C15,1.713072215
MNT,1.71170605
TDRD10,1.620318668
H2AC1,1.513267044
POLR3F,1.710589439
H4C8,1.710567136
NATD1,1.708867499
COX6C,1.710344169
SLC17A3,1.710210444
H4C1,1.709497939
MARCHF9,1.706412426
CCNL2,1.708853238
FAM89B,1.708719971
RHOG,1.697870437
PSORS1C1,1.707123951
C3orf22,1.706482762
UNK,1.706129408
DTYMK,1.706107333
TASOR2,1.705644015
CBS,1.705159164
CES2,1.704960971
LIG1,1.704542862
FRA10AC1,1.703839586
POLDIP2,1.70337868
UNC79,1.703071681
RBM28,1.702524007
CCDC71L,1.702151982
PAPSS1,1.702108236
CLLU1-AS1,1.702020756
GLB1L3,1.701408889
UBA2,1.701059637
BTF3L4,1.699665432
EPHA6,1.699513212
KLF2,1.699339312
SPAM1,1.699187206
ENTR1,1.699078592
FIGNL2,1.699056872
TMC5,1.648581895
COL24A1,1.698188977
CNTF,1.552243451
TP53INP2,1.697020063
EEF1AKMT3,1.696501554
TMEM14EP,1.695337167
SERF1B,1.695121882
CDHR4,1.694132943
EEF1E1,1.693424872
NDUFB2,1.533527949
UBXN4,1.606346869
MRPL28,1.565899021
OR4C16,1.692568148
OR10G2,1.692546752
SEMA3G,1.692503962
BDNF,1.692397006
SYNGAP1,1.691798539
NSG2,1.691499615
ARHGAP5,1.691392906
SYT4,1.69126489
MYOF,1.69066798
COX17,1.690093164
REG3A,1.689455371
CHI3L1,1.689285451
ARPC1A,1.689285451
EIF2A,1.68797082
PHKB,1.687547593
USP31,1.687293854
FAM200B,1.686702374
COX7A2L,1.535913034
EIF3B,1.685879866
FAF1,1.6856271
TSPYL5,1.685311349
ECM1,1.684554482
VANGL2,1.684302486
BTNL2,1.684302486
GUCA2B,1.6840926
PADI2,1.567548689
SLC17A6,1.683694098
KIAA1671,1.68329596
DHX57,1.68268898
INSL5,1.682542594
HMX3,1.680311107
C15orf32,1.680019983
GRK3,1.679812157
DUSP8,1.679064805
DRAXIN,1.679023323
FYTTD1,1.678981845
RAP1GAP,1.678091026
AVIL,1.536947212
ZFP3,1.677263996
LOC100505797,1.676706639
HECTD1,1.675902828
ARHGAP25,1.675861647
PGLS,1.674895017
INPP5B,1.512859367
TXNDC12,1.674484337
FAM126B,1.674422768
UBE2E1,1.673828055
IGLL1,1.672538891
YTHDC2,1.569604055
CD14,1.672069195
SAMSN1,1.671844738
METTL1,1.671701962
DNER,1.671518461
ASH1L,1.671375793
SMN1,1.670744536
TDRP,1.66954564
PLOD3,1.668977829
KIAA0232,1.668876512
LOC101928093,1.668350045
IL16,1.667925288
XRCC2,1.667702961
CASTOR3,1.667541341
ATPAF2,1.666976142
MGAT4A,1.666976142
JAG2,1.666633344
ZNF207,1.665445729
TBCEL,1.664983639
TP53BP2,1.664121048
OR5AP2,1.663760471
RGS17,1.663200169
ZNF132,1.66296026
SLC11A2,1.574551803
UHRF1BP1,1.662241329
MTREX,1.662201423
PRXL2C,1.662161521
TTC39B,1.519981739
CPOX,1.661722839
IL17F,1.661603276
MAX,1.660986055
RPL3,1.660826914
MFSD2A,1.660171075
KIF27,1.659734399
LIMA1,1.659555885
MIER2,1.659060398
AKAP7,1.659020783
SLC9A2,1.659020783
OR5M1,1.658783172
POLR2B,1.658031592
ROPN1,1.657853776
PIRT,1.657458891
ZNF329,1.657360226
OR4A15,1.656867236
ZNF445,1.482310803
MTDH,1.656020601
ST3GAL6,1.655568425
KLC3,1.655313056
VAX2,1.543700419
CROT,1.653960143
QTRT2,1.653255945
DYRK1A,1.503205785
SEPHS2,1.652884745
PRPF8,1.652669985
GFRA2,1.652650466
ZNF408,1.652650466
NDUFS6,1.651967874
MAPK9,1.651675662
ADH1A,1.651033488
SLC12A8,1.650800206
IL22RA1,1.650139918
BLOC1S1,1.650101109
LOC645177,1.649054569
OR5AR1,1.649035212
CERS4,1.648570912
CPSF2,1.6483003
SYTL2,1.64806848
CEP170,1.646218365
FOXS1,1.645449804
TRIM38,1.645200315
HMGCL,1.644586796
CFHR1,1.644280361
EXOSC1,1.644222929
ZNF705A,1.643114059
SLC8A3,1.485474536
C5orf46,1.642904075
SPP2,1.642598825
IL4,1.642579754
ZNF146,1.642084201
NR4A2,1.641779527
DNASE1L2,1.641532136
FANCG,1.641284886
MYCBP,1.641037777
C21orf58,1.641037777
CCDC149,1.64088578
BANF1,1.640487039
KDM6B,1.640278322
CDH10,1.639595945
PTPRF,1.639387655
CD300A,1.639236234
BAG5,1.585019597
GJA9,1.499199453
HERC1,1.615528198
DBNL,1.561410135
F2,1.636312824
QRFPR,1.636200055
ACTR2,1.636068527
ZNF492,1.635411486
KRIT1,1.635186444
PRRT4,1.634699251
MUC19,1.634437143
EFCC1,1.634380998
SGMS1,1.634062977
THAP2,1.633707818
ERCC6L2,1.538022457
SIX6,1.632923758
HOXA3,1.51932985
SS18L2,1.6327
POU2F3,1.632644079
CNDP1,1.632215588
HP1BP3,1.475198064
AGTPBP1,1.631062626
H2BC15,1.520411508
CC2D1B,1.580426178
LCE1D,1.629894195
TNFSF13,1.629431401
NFYC,1.56711131
CCDC69,1.62839653
KIF13A,1.628009089
OR4C11,1.627972207
LHX6,1.627511457
HDHD3,1.62681205
ANKS1B,1.62681205
SRSF7,1.62666495
FDPS,1.626444393
NNT,1.626334157
TBC1D30,1.57185391
MYCT1,1.626058688
LRRK2,1.625746702
RIF1,1.625728357
GPR17,1.623861208
OR52A1,1.62364207
TMED10,1.622857733
XRCC3,1.533686812
NRDC,1.478870858
ERICH3,1.621347775
PGBD3,1.621166206
ZNF784,1.479548143
ASXL3,1.620078384
ITGAL,1.619752569
ATP6V1C2,1.619571665
YWHAH,1.618722428
CASP6,1.51678207
MFAP4,1.618343517
TMX2,1.618145172
BEST2,1.617910881
GDPD1,1.617766765
NFIB,1.616813201
KIF2A,1.616669448
RAPSN,1.505556815
OR5M11,1.615431553
CAMSAP1,1.615145008
SLC22A23,1.615055502
MEGF6,1.614554606
C8orf74,1.614500973
CCDC159,1.522395324
MORN4,1.614268639
COMMD6,1.614215041
JCHAIN,1.613643742
BTNL8,1.481572405
SH2D2A,1.488658392
CTBP1,1.515949419
ABCC2,1.612485599
SLC16A5,1.612343271
NKAPL,1.581861807
C1QL4,1.611366031
IQCE,1.61131279
ERCC2,1.611241812
HS3ST3A1,1.610798464
AQP3,1.610320157
YBEY,1.610213938
BMPR2,1.610178537
ERLEC1,1.609789321
RDH5,1.609329787
NOSTRIN,1.609276796
BMP5,1.598085395
PTPRK,1.608517956
RAB1A,1.608394549
PTPN2,1.607901273
SEC16A,1.455731394
LOC101928592,1.606723203
LY6G6D,1.60624936
TCFL5,1.605618372
C10orf62,1.605548319
ODF3B,1.604708562
ZNF627,1.604481406
ANTKMT,1.604149624
ZKSCAN1,1.604114714
AHRR,1.603573972
HAUS1,1.603573972
CLK4,1.603138379
QRSL1,1.602025249
DSPP,1.602007879
LIPG,1.504328002
NDN,1.60138302
PLPPR2,1.461099077
URGCP-MRPS24,1.600360885
RNF224,1.600360885
PNPLA6,1.599945789
ARHGEF15,1.599496548
TBC1D10B,1.599185808
MAD2L2,1.599134039
GPAT4,1.598685637
CD53,1.5986684
HTATIP2,1.598513298
LRP1,1.500183553
COL10A1,1.598409928
SPRR1B,1.59820326
ZFAND2B,1.597996691
C9orf135,1.597721418
RASA1,1.597377572
HLA-C,1.597085517
SLC66A2,1.596279091
EIF1AD,1.594790286
TK1,1.594687797
MAT2B,1.59424396
ERBIN,1.594175718
DNASE1L3,1.593749446
AMMECR1L,1.593425759
ZNF35,1.59238818
PIMREG,1.592218321
PSME3IP1,1.591946686
PER1,1.538495496
PLEKHD1,1.591081979
TRIM46,1.590946495
SLC18A3,1.590726423
PTCD3,1.590235896
ACKR1,1.590218991
WEE1,1.590185183
CPEB4,1.589914816
CCT5,1.589695266
SPRR2D,1.589593973
EIF2AK1,1.58940833
AKAP12,1.588919288
HDLBP,1.588565498
KIFC2,1.588380294
SLCO2B1,1.587589857
MT2A,1.587253937
EGR3,1.587052509
PIWIL2,1.536851634
VAPB,1.585728772
AURKB,1.58519372
CLLU1,1.584943142
TAS2R41,1.467835459
ZFP41,1.583675761
LOC101929087,1.583642459
SMARCE1,1.582927077
CIAPIN1,1.581168596
TMEM19,1.580936876
ZNF835,1.580391165
TEX2,1.579829634
FARP1,1.579384229
HK1,1.579318282
CDK2AP2,1.57900517
AGFG2,1.57888987
WNK4,1.577754975
COQ9,1.577229652
VTCN1,1.577229652
ZNF536,1.577213246
LMOD2,1.576950832
KASH5,1.576803294
RPL23,1.576524748
CD74,1.576328235
SNRPC,1.576082718
ADARB1,1.558309129
FHL3,1.575657484
KLHL18,1.574938805
TMEM182,1.574498385
MELTF,1.574498385
SMIM18,1.573830453
CYP4A22,1.573358632
CST6,1.572919812
ZBTB5,1.572140779
CCDC78,1.571897617
STK19,1.571816594
CACNA2D1,1.571816594
B3GALT5,1.571816594
MCCD1,1.570312304
RNF5,1.570150862
PTAR1,1.568765259
CPLX2,1.569167365
KIF3A,1.569006348
OR6K6,1.567223059
KPNA5,1.566950588
MIPEP,1.566502185
HSPB8,1.566422162
TACR2,1.566198175
PRR11,1.566054244
CTNND2,1.565798486
NPM1,1.565622739
UQCRC2,1.564761011
GABRA6,1.564076042
MYH7B,1.551855867
CFAP97D2,1.563344478
SFPQ,1.563312699
IRF3,1.562582418
OR5AC2,1.562534834
DKKL1,1.562344549
SPEM1,1.561964228
ZNF423,1.561600066
DMRTA2,1.560698892
HUS1,1.560241117
PPARD,1.557488875
EML6,1.557473198
NADK,1.547648564
TRIM48,1.557065792
RGS7,1.556862233
IGL,1.556580538
GPR26,1.556173969
ARMH4,1.556002073
POLR2C,1.555939582
SYT12,1.555642874
NLRP12,1.555471189
MCHR1,1.555330769
SH3GL3,1.554878614
RMI2,1.554753965
ETAA1,1.554660501
PPP1R1C,1.554613777
ABR,1.476230893
CUTA,1.554240164
MTF1,1.554037924
FAM83H,1.553991266
PABPC1L,1.553882419
EBF2,1.553711427
ULK4,1.553338589
AAAS,1.55279544
SNHG32,1.552361409
PHYKPL,1.552221991
ARV1,1.552160042
CFAP36,1.552113585
TARS2,1.551989727
INSYN2A,1.55141734
PARP12,1.551139154
ATG9A,1.550706775
TIMP4,1.550552458
ALKBH8,1.550398195
XPC,1.549735491
MTERF1,1.549735491
PCDH1,1.549612309
IER2,1.549043045
CCDC89,1.548827842
SAP25,1.548766376
INMT,1.548351701
CLDN25,1.547753425
TRPC4AP,1.547002912
KIRREL1,1.546620496
ANO4,1.546544053
LSM10,1.546467624
RABL3,1.546299527
TOPORS,1.545871936
MYD88,1.545856673
LGALS7,1.54536853
TMEM42,1.544606904
SLC24A3,1.544515598
DRC3,1.544287418
ZASP,1.543846611
WFIKKN2,1.543725087
WNT2,1.543603598
OR5B21,1.543588414
FH,1.543466963
ASB16,1.543148315
BORCS6,1.542784431
HOOK3,1.542723814
ADIRF,1.542314867
HIGD1C,1.45285483
S1PR1,1.541392364
PGAM2,1.54109033
GDNF,1.539974627
COG4,1.539869236
RNF135,1.539508089
SCAF1,1.539508089
S100Z,1.539282525
PIGO,1.432230438
CD1C,1.538006534
TSHB,1.536928619
SIRT2,1.53652509
CEP78,1.535272058
TSPAN16,1.535138019
BZW1,1.534721273
PCDHAC2,1.532776789
CCDC112,1.532169995
MED19,1.53206648
PHF7,1.531977774
COQ6,1.53140162
TRMT2A,1.531313048
PIP,1.530560921
DNAJC12,1.529898359
DNAH1,1.529810094
CTNNAL1,1.529780676
NUB1,1.529765968
RARS2,1.528722961
AGTRAP,1.528693617
MSGN1,1.528180414
SMCO4,1.527375175
TARDBP,1.527214306
NPRL3,1.527170443
NCKAP5L,1.526542227
KIF9,1.526454641
MGAT4C,1.52642545
ACSM2A,1.526396261
ACYP1,1.526250343
ABCA5,1.526133644
TENT2,1.483015812
TRPC1,1.525332188
APOC4,1.525041116
LOC101928764,1.524910197
PPP1R3A,1.524852023
NEK9,1.524721161
PNRC1,1.524459555
USP18,1.524009381
SMARCD1,1.523791723
ETV5,1.523530676
TRAF7,1.522922177
LSM14A,1.52250252
RRH,1.522444668
ST3GAL5,1.522328987
UGCG,1.435241788
ZNF510,1.521548947
C20orf202,1.521289244
FNTB,1.52049667
NTNG1,1.519777401
RARG,1.519188488
RASSF4,1.518930193
HSPA8,1.518729403
ERCC6,1.517869925
IMPDH1,1.517755456
FOXJ2,1.516940738
CLDN11,1.516512552
PPP1R3G,1.516170307
QTRT1,1.516170307
JSRP1,1.515970789
ANKRD61,1.515828332
GPC2,1.515429701
RRAS2,1.5153301
SPEF1,1.515145188
IGFBP7,1.441905495
PITPNA,1.514789809
EDN1,1.514704561
ZCCHC7,1.514704561
CHMP1B,1.462054884
PTH2,1.514406326
DOCK9,1.514377933
PDE6C,1.514207616
HOXA7,1.513442015
MAPK15,1.512988961
NRXN3,1.511816051
GMFG,1.511322398
RIDA,1.511125094
TOM1L2,1.510984217
OTOP3,1.510758909
EIF4E1B,1.510730754
MAP11,1.5104071
DPH5,1.510182092
ACP1,1.509704335
U2SURP,1.508904568
PPP1R21,1.508862516
GRXCR1,1.508218224
C9orf50,1.507714662
HPSE,1.5074631
CLCA2,1.507155832
SLF1,1.507086029
YIF1A,1.506946456
LOC101929748,1.506765079
SCAP,1.506611665
ATRN,1.506235332
RRP8,1.505678402
ARHGAP45,1.505636661
TRMT12,1.505372394
LONRF2,1.505108288
LOC101927789,1.504872119
NOL7,1.504261453
LOC401040,1.503347061
SRA1,1.503153346
PGAM1,1.503015031
PPM1F,1.502932064
ASB4,1.502779997
EIF4EBP3,1.502600351
BTNL9,1.502531276
COX4I2,1.50237935
H2AC14,1.502061858
ETFRF1,1.501276029
C1QL1,1.500739175
PRKACG,1.500464122
LCE4A,1.50038164
TMEM154,1.49984589
OR5H1,1.499228536
AIMP2,1.499201119
PDHA2,1.499077761
TUBB6,1.499036649
DMBT1,1.498954438
ZNF410,1.498379395
MGAT5B,1.498283628
NDUFA2,1.498023797
CYP26C1,1.497327122
ARF1,1.496372719
MECOM,1.496182089
OC90,1.495678686
LRRC14B,1.425291737
RPF2,1.49498576
CRYM,1.494307493
MITF,1.493643817
CEBPB,1.493494968
MAT2A,1.493305597
C17orf75,1.493305597
SNAPIN,1.492589441
SMAD9,1.492373475
ARL17A,1.492373475
LRRC37A2,1.492373475
MYORG,1.482420041
FBXO11,1.492076697
CCDC180,1.491645381
CTDSP1,1.491591496
STARD5,1.490770587
RYK,1.490757143
CARD9,1.490528648
ITGA7,1.444462152
ZNF99,1.489669509
UBXN2B,1.489575644
CABLES1,1.489213782
C8orf34,1.489093228
TREH,1.488972708
TMEM99,1.488919154
WDR46,1.488878993
NACC1,1.488878993
DNAJC2,1.488852222
TRERF1,1.488504336
THYN1,1.488290392
CD1A,1.488063191
STRAP,1.48799639
AMER3,1.487782695
CMTM2,1.487782695
MICU3,1.487555759
H4C11,1.487475693
SZT2,1.487248917
OR4P4,1.486968947
DDX46,1.486849015
PMS2,1.48555851
YPEL4,1.485266351
KDM4C,1.484748915
TMEM43,1.484735655
BTN2A1,1.484205608
IL5RA,1.484179122
C7orf25,1.484099676
AMD1,1.483914357
NGEF,1.483319225
TTLL2,1.483226722
LIPK,1.428022637
C9,1.482645726
H2BC14,1.482566559
TEAD2,1.482487407
ACTR8,1.482408269
OR4C46,1.482065506
NUDT6,1.481999621
KCNB1,1.48173618
OR5B2,1.481157174
H4C12,1.480973106
USP6NL,1.480736562
TRAPPC12,1.480657743
ACAD8,1.480565805
NIF3L1,1.480395115
PTPRD,1.479857224
USP17L10,1.479267622
SLC33A1,1.478639594
RINL,1.478221412
GDF3,1.478182228
PCDH9,1.477660114
CRYZL1,1.477425367
ISL1,1.477360182
PILRB,1.413635919
ZFYVE9,1.475378387
SLC35D2,1.476500657
FAM186A,1.476032541
PMPCA,1.47600655
IFFO2,1.475928584
ARHGAP10,1.475629845
C12orf54,1.475266441
RPS27A,1.447296624
CEP120,1.475007052
PRDM11,1.474786693
DUSP6,1.474683034
PBX1,1.474385151
COMMD8,1.47420393
RSKR,1.473621948
CNIH2,1.473311876
CCDC191,1.472872986
CBWD3,1.471314642
LINGO1,1.47098052
LCE5A,1.470890608
ITGAD,1.470377182
H2AC15,1.46951855
BCDIN3D,1.469377743
FOSL2,1.4691986
RILP,1.469070685
BICD2,1.468942809
RAB6A,1.468648835
ELP6,1.46854663
ACOD1,1.468023207
PILRA,1.400481741
FKBPL,1.467755356
CAT,1.46728383
PRB1,1.466914614
CAPN13,1.466583858
HERC4,1.466405863
POLR1G,1.466367731
HAGHL,1.466316893
IGIP,1.466100899
FLRT3,1.465415512
UBQLNL,1.464971856
PKIG,1.46470588
ELSPBP1,1.464617257
USP2,1.46447803
SPATA31D1,1.464440067
SMKR1,1.463883652
AARD,1.463871014
H2AC13,1.463744659
KLHL21,1.463189134
NDOR1,1.463062977
MEP1A,1.462974689
SLC30A10,1.462709933
HBM,1.462684727
ZNF322,1.462394958
KRTAP5-1,1.461790845
ALDH2,1.46158966
H3C12,1.461551948
ATP11B,1.460284227
LRCH4,1.393830653
FCRLB,1.459895866
ATG10,1.459695557
ROBO4,1.459595438
LTV1,1.459232697
TLX3,1.458757839
POLR3GL,1.458620478
ARHGEF19,1.458121346
PDE1B,1.457224352
AKAIN1,1.456975515
ALDH3A2,1.456925765
ZNF605,1.456900892
ZNF580,1.456130536
SLC17A4,1.38195511
KTI12,1.454829009
MTFR2,1.454631023
ZC2HC1C,1.454222961
TEX44,1.453469675
MDC1,1.453432661
ENPEP,1.452914807
TTC30B,1.452890163
PLAG1,1.452656112
HNRNPAB,1.452643797
DPT,1.45239757
ALOX12B,1.452372955
CTDNEP1,1.414950908
ARPIN,1.45184407
CIAO3,1.451758034
ID1,1.451610582
SLC39A3,1.451561442
TMEM98,1.449979669
CEP43,1.449624868
ZNF253,1.449588181
ZNF80,1.449417016
KLHL33,1.449294797
FAM131A,1.44900161
IGFBP4,1.448769645
MTHFSD,1.448562201
VWC2L,1.448452419
GGCX,1.44789174
PRRC1,1.44783084
CCDC71,1.447587326
TUBA4A,1.447526469
DCUN1D1,1.447416948
SLC41A2,1.446954829
PTX4,1.446869756
LINC02809,1.446784699
IL1RL1,1.44662678
ARGFX,1.44648106
ACRV1,1.446371802
PHLDB2,1.446092712
EIF5A,1.446068452
DAD1,1.445692591
ZSCAN31,1.445680472
RPAP2,1.445341274
PSMC3,1.417874958
DKK3,1.444446096
CCDC14,1.444144087
TXNIP,1.443975054
IER5L,1.443456292
C2orf80,1.443106778
ATP6V1B1,1.442950191
PANK4,1.442877939
PABPC4L,1.442480768
MTA3,1.442468738
SMIM17,1.442264282
MANEAL,1.442228212
RIPK2,1.441819622
PRKG1,1.441423417
HOXA5,1.441231448
YRDC,1.386504015
TMOD1,1.438724816
RFX3,1.440811811
NR2C1,1.440668029
ISYNA1,1.440608133
CTXN3,1.440464419
RAB17,1.434735984
ELK3,1.440165165
OR5H14,1.43911343
FASTKD3,1.438970209
RGL2,1.438254811
TBPL2,1.437742832
PRELID1,1.437730933
OR5B17,1.437588167
MRPL24,1.436981934
IPO5,1.436127514
SERHL2,1.436103804
KCNMB2,1.436056388
CELF6,1.435961572
HOXA2,1.435393108
EPOR,1.435333936
ZNF780A,1.43513281
CNTNAP4,1.434577243
TRIM58,1.433857244
HTR1E,1.433562508
DNAJB4,1.432714782
H2BC13,1.432279788
POLR3C,1.431821752
GALM,1.431258678
C9orf129,1.43083685
LIN7C,1.430473938
SWSAP1,1.430017802
SWI5,1.429912608
RPL26L1,1.429410364
NYAP1,1.429328659
UBR5,1.429130295
C4orf17,1.428908701
FRMPD2,1.428792118
IFITM3,1.428302812
OR4C6,1.428139832
LRRC20,1.428093277
TBKBP1,1.428046728
POPDC2,1.42786058
AIF1L,1.427755907
SF3B3,1.427546637
DNLZ,1.42723292
H3C10,1.426791776
FBXL18,1.426722163
TSBP1,1.42666416
USP48,1.426235181
ZNF141,1.425447891
USP28,1.364558987
KRTAP4-3,1.425251292
LCOR,1.425181925
CDH8,1.425089453
TRAM1L1,1.425008556
CTRL,1.424558121
TPX2,1.424385001
CDC25B,1.423923685
SLC1A2,1.42387758
THBS3,1.423589537
USP47,1.423578019
PIGZ,1.423382264
MAN2B1,1.423152076
NLRP3,1.42314057
RNF41,1.423060036
OR4A5,1.422876013
EFNA1,1.422646093
ABCC12,1.422278475
TMEM18,1.422048872
STK35,1.42196854
EXO1,1.42196854
PAK1,1.421796449
NUF2,1.421395168
TMPRSS6,1.42118894
ESCO1,1.421097314
ARL5A,1.421005708
OR6N1,1.42091412
HPN,1.420433605
PDZD9,1.420410736
LOC100653133,1.420399303
MPP2,1.420330706
SMIM15,1.420022157
MAP4K3,1.419622512
RNF181,1.419508395
PRPF40B,1.419314465
NIPBL,1.419143423
KCNH1,1.419109222
BDH1,1.419086423
DPH3P1,1.418961051
TRABD2A,1.418744585
ENSA,1.418255085
BECN2,1.417925268
ARL2BP,1.417652506
KCNJ4,1.41743669
FANCL,1.417096147
ZNF506,1.41676721
TF,1.416755871
R3HCC1,1.416721858
TEX47,1.4165745
METTL7A,1.416404532
ALKAL2,1.41631391
PRKACB,1.416245956
IFITM1,1.416155367
ORC1,1.415725328
CADM2,1.415691396
LHX3,1.415114951
SPATA24,1.415013305
DLK2,1.41468594
SLC39A14,1.414257353
CYB5D1,1.414178448
ZFP57,1.413919293
HCRT,1.413221468
IL33,1.413187731
RHOBTB1,1.412974122
FCER1A,1.412929165
PP2D1,1.412929165
HTR1F,1.41197493
RNF115,1.411582619
KRBOX1,1.411492997
ITGA2B,1.411336204
MAP3K19,1.41131381
AKR1B10,1.411157081
NR4A3,1.393415268
ANKRD24,1.409559443
HBA2,1.408846316
PRLHR,1.364806574
PSMD12,1.408712735
DMXL1,1.408078785
GAB4,1.408045445
RECQL,1.407745499
TBC1D21,1.40770108
ZNF804B,1.406071829
SWAP70,1.405806409
ATP6V0E1,1.405519053
SLCO3A1,1.405364401
EIF4G1,1.405077337
ZSCAN4,1.404790463
DUSP29,1.404503778
IBA57,1.404448668
PTTG1IP,1.403952992
SLC39A1,1.403446886
GPR88,1.40343589
TMEM8B,1.40339191
PATE1,1.403095159
CAP1,1.403029242
OCLN,1.402710784
MAB21L1,1.402414498
ENDOU,1.401318901
THNSL2,1.401275135
INF2,1.401067304
UTP18,1.400662867
NIBAN1,1.400477171
EXO5,1.400444409
BCL2L12,1.400433489
MAP1LC3B2,1.400346139
HEBP2,1.400335221
OLIG2,1.400269722
RIPOR1,1.400226061
LAMP3,1.400171491
ZSCAN10,1.400160578
ZNF324B,1.399920558
GFRA3,1.399855121
IFITM2,1.399593471
KRTAP4-4,1.398678938
NDUFB3,1.398320183
RHOBTB3,1.398276717
YBX2,1.398254986
MICAL1,1.397907438
PRSS50,1.397755473
URGCP,1.397733768
PARS2,1.397722916
ZNF865,1.396931446
OR4S2,1.396898951
LRP10,1.396844797
HBQ1,1.396044115
IL32,1.395968451
NAA38,1.395719934
MVD,1.395633526
ZNF581,1.395331235
VCP,1.395169381
TMEM150A,1.394856632
TLE5,1.394382547
RCAN1,1.394274872
PTPRJ,1.393844441
ARHGAP1,1.393683139
DFFA,1.393661636
FAM155A,1.393457417
CTDSPL,1.393221072
DYNC1I2,1.393178114
PTRH2,1.393081474
BCL2L1,1.392491363
GLI1,1.392373438
TMEM176A,1.391955594
SYNGR2,1.391859226
IQCH,1.35434414
TMA16,1.391367011
SLC6A18,1.391334929
PELATON,1.390886035
B3GAT2,1.390096253
RNF170,1.39008559
CA1,1.390064265
PDE8A,1.389893703
KCNK10,1.389797791
TRMU,1.389329193
TOR1B,1.389265332
TMEM88,1.388595362
PCBD2,1.387937035
AAK1,1.387809731
POLR2M,1.383668889
STK24,1.387428046
ANKRD18A,1.387343272
SPINK14,1.364893822
NR1D1,1.386898483
POM121L2,1.386887898
DLEC1,1.38680323
CTRB1,1.385809614
CLTC,1.38547188
DCTPP1,1.385271475
SH3YL1,1.385250385
HOXB3,1.385176578
INTS6,1.385134409
PGPEP1,1.384723469
SASH1,1.384502355
CALML5,1.384491828
ADH1B,1.383598013
FAIM2,1.378453652
TRUB2,1.382716516
TUSC2,1.382171722
PROK1,1.381136405
CYTL1,1.380332861
GDF2,1.38010355
GDPD4,1.380009776
TMEM114,1.379968105
SBDS,1.379582838
TNNC1,1.379322716
CCNO,1.378854889
VPS26B,1.378273407
HBA1,1.37826303
MMRN2,1.378097039
LRRC8C,1.37794148
FPR1,1.377879272
FAM8A1,1.377475138
RIMS3,1.377159348
NTRK1,1.376295973
CD63,1.37619269
SERPINE1,1.375398233
AIPL1,1.374543494
KCNMB3,1.374296654
IMPG1,1.374245247
RAB38,1.374060231
C6orf58,1.373628833
SLC30A7,1.373505655
RAD50,1.373167096
KLHL25,1.373126076
KIFC1,1.372777566
BEST4,1.37276732
DOK5,1.372234858
ALDH9A1,1.372234858
NKD2,1.371907513
SHH,1.371815492
METTL18,1.371641727
PRR21,1.371468032
BTBD16,1.371314829
PTPN23,1.371171888
ACP7,1.371059611
ORC2,1.371059611
SCNN1A,1.370937159
RAB11B,1.369954472
GTF2H2C,1.370406935
RCAN2,1.369989329
PDPK1,1.369918071
THRA,1.369582296
RNF24,1.368911524
FARSB,1.368820135
C11orf1,1.368799829
EIF2B2,1.368606969
ADORA3,1.368566378
PRIMA1,1.368424339
IL17D,1.368424339
NAALADL2,1.368160676
GATAD2B,1.367957966
LRCH1,1.367613577
MB,1.367178418
CASP8,1.367057056
KCNQ4,1.366470949
METTL4,1.366208469
KRT10,1.366188284
TCN1,1.366127737
UTF1,1.36593606
SAMM50,1.365734387
GUCY1B1,1.365623506
TTYH2,1.365280963
NXPH2,1.364878316
LOC101928548,1.364646963
SCNN1G,1.364365483
SYT1,1.364315237
STK40,1.364104271
ZNF713,1.363943603
CLEC1A,1.363582319
SLC19A3,1.362410214
SMPD5,1.362100186
NXPH4,1.362000224
RBCK1,1.361960246
WDR11,1.361860316
GRAMD4,1.361820351
CTF1,1.36143088
RAB5A,1.36122131
CDC37L1,1.360792505
DENND4B,1.36016502
STRIP1,1.360135162
CDSN,1.36012521
SLC10A1,1.359956059
ACVR2B,1.359846644
PEX19,1.359598075
WDR20,1.359409258
NIFK,1.359389387
MBNL1,1.359319847
AMFR,1.35914108
FAM171A2,1.359121221
INPP5E,1.358644891
IL22,1.358625055
TAFA2,1.358545721
CRYAB,1.358525889
GABARAP,1.358377184
KCNK1,1.358258256
ZCWPW1,1.358099736
ERBB3,1.357980885
BAP1,1.357931373
C3orf36,1.357565159
FBXW7,1.357110297
HBS1L,1.356804028
LCE1C,1.356073806
CENPN,1.355925938
PRR35,1.355807679
PABPC1,1.355394028
LUC7L,1.355315282
NPDC1,1.35500044
UBE3D,1.354597382
SPATA5,1.354400905
CYP26A1,1.354332158
RRAGC,1.354253605
TSBP1-AS1,1.354243786
SRPK1,1.353792388
PLLP,1.353733544
POLM,1.339822346
RNF38,1.353429646
TOPBP1,1.353155341
MMAB,1.352890996
TRABD,1.352675722
OR8S1,1.352450778
BCL9L,1.351893808
CDC26,1.351552163
SRSF2,1.351522892
CLEC2L,1.350596984
GPLD1,1.350431503
GSDMD,1.350343921
ITM2B,1.350149358
AFM,1.350071557
DLEU7,1.349556478
DENND2C,1.349410811
EIF4G3,1.327006069
SLC66A1,1.348945007
MAPKAPK5,1.348906212
SRSF5,1.348906212
USP17L11,1.348857724
ZNF22,1.348605673
KCNS3,1.348566909
COA6,1.348218187
PLEKHB1,1.348218187
TNFSF4,1.348063289
CHD4,1.347956829
LEKR1,1.347821372
GCOM1,1.347135061
TPD52L3,1.3326931
CD2,1.34656557
ABHD14A,1.34588124
PROP1,1.345765684
ZSCAN21,1.345496175
ZNF843,1.345226834
SIGLEC12,1.345217217
CD164,1.345140295
HHLA1,1.345121066
DEGS2,1.344842349
ZNF507,1.344592617
FBLN5,1.344535006
IGLL5,1.344525405
FBLN7,1.344515805
HOXB7,1.344343027
OR1L3,1.344333431
ENTPD4,1.344007269
RAD54L2,1.343528063
CHTF8,1.343422709
C1orf56,1.343154649
METTL7B,1.343145079
CDC37,1.342685943
ACOX1,1.342590351
SDR9C7,1.342284597
FAM229B,1.342284597
SIRT1,1.342275046
FHIT,1.342141349
MOB3A,1.341549758
MARF1,1.341206623
APEH,1.341073255
ATP5F1B,1.340606789
MYPOP,1.34058776
LMBRD1,1.340245384
SEPTIN1,1.340055291
SLC25A25,1.339817793
NDUFAF6,1.339770309
RPL7L1,1.339229356
AP5M1,1.338897526
NUP210,1.338869096
GRM2,1.338480728
ZNF3,1.338140008
TRIM66,1.338073788
SAXO1,1.337412143
UBASH3B,1.337289377
KRAS,1.337176085
MAF,1.337043949
IGF1,1.337015639
ANKRD7,1.336619497
RPRM,1.336430985
MYO6,1.336365025
GNG7,1.336204878
MOSMO,1.336120118
TOP1MT,1.335931822
USP17L12,1.335301626
USP17L13,1.335301626
CYBA,1.335076107
IGF1R,1.334963391
GLI4,1.334944607
RSBN1L,1.334897653
PPP1R7,1.334841315
SERPINE3,1.33439087
SETD2,1.334175197
FAM78B,1.333173256
ZSCAN20,1.333145197
ASZ1,1.333107789
RSPH10B,1.332687165
PLA1A,1.332547047
H4C13,1.332201617
PYDC1,1.332173621
SERPINH1,1.332136296
RRP12,1.331931066
LPAR3,1.331623403
COX6A2,1.331520897
FBXO6,1.331269394
ETF1,1.330952894
PCBP3,1.330813334
ZKSCAN3,1.330738921
PTPRN2,1.330618027
IER3,1.33059943
ATAD2B,1.328864199
TNR,1.328725309
FGF21,1.328512431
ANKZF1,1.328151702
TAS1R2,1.327615787
OIT3,1.327043642
DUSP1,1.326969872
MYLPF,1.326951432
GPR20,1.326776285
UBE2E3,1.326370953
CERS5,1.326343331
RAB1B,1.325938403
TRIM16L,1.325910808
TICRR,1.32573608
CCHCR1,1.325644147
OLFM2,1.325634954
CSTF2T,1.325625762
PBX3,1.325276607
CDK19,1.325166405
YPEL3,1.325037872
CHRM3,1.324597476
C10orf82,1.324588306
EIF4H,1.324450777
RABEP1,1.324139205
C1orf112,1.323827857
ST6GALNAC6,1.323553323
FAM13C,1.323434412
CLCN2,1.323132707
ZNF454,1.322812947
SYNGR1,1.322776417
TMEM121,1.322393047
EHD4,1.322356553
NHLRC4,1.322320063
TMEM126B,1.322265332
TSPAN9,1.32178218
DEFB135,1.321736628
SOX4,1.321599998
ELAPOR2,1.321363276
PDZD8,1.321244963
DROSHA,1.320499424
UNC13D,1.32049034
PRCC,1.320444923
OR10A4,1.320390428
CACNA1A,1.320226986
TTC34,1.32009083
LOC441098,1.319764232
VAMP8,1.319700755
NTS,1.319546636
HID1,1.319437878
TNS2,1.319247619
OR8U1,1.319229503
NES,1.319211388
PEDS1-UBE2V1,1.319138937
LILRB1,1.319039335
PPIL6,1.318930705
BCAR1,1.318650203
HOXD13,1.318415082
SKA2,1.318324685
KCTD21,1.31806264
CNIH3,1.317936192
KLKB1,1.31771951
GOLGA6L19,1.317620233
FGF2,1.316880886
FUCA1,1.316682738
LRRC52,1.316574696
SUCLA2,1.316493681
NTMT1,1.316367689
PTPN4,1.316322701
COQ2,1.316052869
LPAR5,1.315953973
KDM7A,1.315891051
VTI1A,1.315720307
HJV,1.315648435
H1-5,1.315639452
KRT72,1.315522688
TRIM13,1.314993154
H2BC1,1.314948308
INSRR,1.314688291
ANKRD62,1.31461659
ANGEL1,1.314455306
CHD1,1.314428431
LRFN1,1.31433886
FBN1,1.314088159
MXD3,1.313998658
USP39,1.313703435
PRR34,1.313596132
PVRIG,1.313319053
C11orf40,1.313202911
HCFC2,1.312765424
GLOD4,1.312542387
SLAMF6,1.312542387
PHB2,1.31229272
SUPT6H,1.31150009
FAM161B,1.311286595
TAS2R7,1.311188777
PTCD2,1.311108762
C6orf226,1.310726667
GDNF-AS1,1.310504674
DENND1B,1.310460289
FCN3,1.310265049
ATP1A1,1.309626693
HAUS6,1.309422972
ILDR2,1.309334427
ZCCHC3,1.309166241
ZNF280A,1.309139692
GMFB,1.308520661
SRP14,1.308087863
AVL9,1.307814275
RGPD6,1.307778986
RASGRF1,1.307708416
CMC2,1.307558494
AGAP3,1.307514409
ADAP2,1.306563264
CCL7,1.306448914
RNASEH2A,1.306360974
FEZF2,1.3061412
NUP160,1.306044535
PPM1M,1.305781012
CGB3,1.305745888
TTC7A,1.30565809
KRTAP10-7,1.305649311
PPIH,1.305631754
ORC3,1.305421123
SULF1,1.305166747
ALG1L2,1.305149209
STYK1,1.304859939
VENTX,1.304851177
ARMC5,1.304492056
MT1HL1,1.304203224
FMN1,1.304203224
ZNF697,1.303233104
OR6F1,1.302849151
FAM135B,1.302744496
RPS23,1.302639865
CC2D2A,1.302090969
MTUS2,1.302090969
OR51F1,1.301351493
OR5B3,1.301255888
